mar-del-plata	부에노스아이레스에서 남쪽으로 400km 떨어진 대서양 해변 도시. 겨울에는 조용하지만 여름이면 인구가 세 배로 붑니다. 해변 산책로와 카지노가 중심이고 항구에 물개가 모여 삽니다. 부에노스아이레스에서 버스로 대여섯 시간입니다.
bad-ischl	잘츠카머구트 한가운데 있는 온천 마을. 합스부르크 황제들이 여름을 나던 곳이라 황제 별장이 그대로 남아 있습니다. 할슈타트와 장크트볼프강으로 가는 길목이라 거점으로 삼기 좋습니다. 잘츠부르크에서 기차로 두 시간쯤입니다.
zell-am-see	호수와 만년설 봉우리가 나란히 있는 알프스 마을. 여름에는 호수에서 배를 타고 겨울에는 키츠슈타인호른에서 스키를 탑니다. 인구가 만 명이 안 되는 작은 곳이라 하루면 걸어서 다 봅니다. 잘츠부르크에서 기차로 한 시간 반입니다.
lauterbrunnen	절벽으로 둘러싸인 골짜기에 폭포 일흔 개가 떨어지는 마을. 슈타우바흐 폭포가 마을 바로 뒤에 있습니다. 융프라우로 올라가는 산악열차가 여기서 출발해 등산객이 모입니다. 인터라켄에서 기차로 20분입니다.
locarno	마조레 호숫가에 있는 스위스 남쪽 도시. 알프스 남쪽이라 종려나무가 자라고 이탈리아어를 씁니다. 8월이면 광장에 큰 화면을 걸고 야외 영화제를 엽니다. 취리히에서 기차로 세 시간입니다.
antofagasta	아타카마 사막이 바다와 만나는 칠레 북부의 항구 도시. 연 강수량이 0.02mm로 세계에서 가장 메마른 곳에 듭니다. 산페드로데아타카마로 가는 관문이라 거쳐 가는 사람이 많습니다. 산티아고에서 비행기로 두 시간입니다.
ostrava	프라하와 브르노 다음으로 큰 체코 제3의 도시. 문 닫은 탄광과 제철소를 부수지 않고 전시장으로 바꿔 놓았습니다. 그 공장터에서 여름마다 큰 음악 축제가 열립니다. 프라하에서 기차로 세 시간입니다.
regensburg	도나우 강가에 있는 중세 도시. 전쟁 폭격을 피해서 구시가가 통째로 남았고 세계유산입니다. 12세기 돌다리 건너편에 500년 넘은 소시지 구이집이 있습니다. 뮌헨에서 기차로 한 시간 반입니다.
rothenburg-ob-der-tauber	성벽이 온전히 남아 있는 로만틱 가도의 마을. 성벽 위를 한 바퀴 걸어서 돌 수 있습니다. 크리스마스 용품 가게가 일 년 내내 문을 엽니다. 뮌헨이나 프랑크푸르트에서 기차로 세 시간쯤 걸립니다.
odense	안데르센이 태어난 덴마크 제3의 도시. 생가와 동화 박물관이 구시가에 모여 있습니다. 자전거 길이 잘 깔려 있어 반나절이면 시내를 다 돕니다. 코펜하겐에서 기차로 한 시간 반입니다.
santiago-de-compostela	산티아고 순례길이 끝나는 도시. 대성당 앞 광장에 배낭을 내려놓는 순례자들이 하루 종일 도착합니다. 구시가 전체가 세계유산이고 문어 요리로도 알려져 있습니다. 마드리드에서 비행기로 한 시간입니다.
salamanca	800년 된 대학이 있는 스페인의 대학 도시. 사암으로 지어서 해 질 무렵이면 도시 전체가 금빛으로 물듭니다. 마요르 광장이 스페인에서 가장 아름다운 광장으로 꼽힙니다. 마드리드에서 버스로 두 시간 반입니다.
ibiza	지중해 클럽 문화로 알려진 섬. 여름밤이 유명하지만 낮에는 조용한 해변과 성벽으로 둘러싸인 구시가가 있습니다. 그 구시가는 세계유산이고 걸어서 언덕 위까지 오릅니다. 바르셀로나에서 비행기로 한 시간입니다.
vantaa	헬싱키 공항이 있는 수도권 도시. 대개 갈아타며 지나가지만 체험 과학관 헤우레카가 볼 만합니다. 강가에 오래된 목조 교회와 산책로가 남아 있습니다. 헬싱키 중앙역에서 공항 열차로 30분입니다.
nimes	로마 유적이 그대로 서 있는 남프랑스 도시. 2천 년 된 원형경기장을 지금도 공연장으로 씁니다. 근처에 로마 수도교 퐁뒤가르가 있어 함께 봅니다. 파리에서 테제베로 세 시간입니다.
rouen	잔 다르크가 화형당한 노르망디의 중심 도시. 모네가 연작으로 그린 대성당이 광장에 서 있습니다. 목조 가옥이 늘어선 골목이 성당 둘레에 남아 있습니다. 파리에서 기차로 한 시간 반입니다.
biarritz	스페인 국경에 가까운 대서양 해변 도시. 유럽 서핑이 시작된 곳으로 불리고 파도가 사철 좋습니다. 나폴레옹 3세가 지은 별장이 지금은 바다를 보는 호텔입니다. 파리에서 비행기로 한 시간 반입니다.
chamonix-mont-blanc	몽블랑 아래에 있는, 첫 동계올림픽이 열린 산악 마을. 케이블카로 에귀뒤미디 3,842m까지 20분 만에 올라갑니다. 여름에는 빙하 트레킹, 겨울에는 스키를 탑니다. 제네바에서 버스로 한 시간 반입니다.
aix-en-provence	분수와 플라타너스 가로수로 채워진 프로방스의 옛 도시. 세잔이 나고 자란 곳이라 아틀리에와 그가 그린 생트빅투아르산이 남아 있습니다. 토요일 아침 장이 서면 골목이 사람으로 찹니다. 마르세유에서 버스로 40분입니다.
delphi	고대 그리스인들이 세상의 중심으로 여긴 신탁의 터. 파르나소스산 비탈에 아폴론 신전과 원형극장이 층층이 남아 있습니다. 유적과 박물관을 함께 보면 반나절 걸립니다. 아테네에서 버스로 세 시간입니다.
sibenik	크르카강이 아드리아해와 만나는 자리에 선 달마티아 도시. 돌로만 지어 올린 성 야고보 대성당이 세계유산입니다. 언덕 위 요새 넷에 오르면 섬들이 흩어진 바다가 보입니다. 스플리트에서 버스로 한 시간 반입니다.
pest	도나우강 동쪽, 부다페스트의 평지 쪽 절반. 국회의사당과 성 이슈트반 대성당, 큰 시장이 다 이쪽에 있습니다. 강 건너 부다 언덕에서 보는 야경이 이 동네를 향합니다. 부다페스트 시내라 따로 갈 것은 없습니다.
manado	인도네시아 술라웨시 북쪽 끝의 항구 도시. 앞바다 부나켄 국립공원이 다이빙과 스노클링으로 알려져 있습니다. 화산과 고원 마을이 차로 한 시간 거리에 있습니다. 자카르타에서 비행기로 세 시간 반입니다.
makassar	술라웨시 남쪽의 항구이자 인도네시아 동부의 중심 도시. 네덜란드가 지은 로테르담 요새가 바닷가에 남아 있습니다. 해질 무렵 로소지 해변에 노점이 늘어섭니다. 자카르타에서 비행기로 두 시간 반입니다.
medan	수마트라섬에서 가장 큰 도시. 술탄 궁전과 이슬람 사원이 시내 한가운데 있습니다. 오랑우탄을 보러 부킷라왕으로, 화산 호수 토바로 가는 출발점입니다. 쿠알라룸푸르에서 비행기로 한 시간입니다.
ubud	계단식 논과 골짜기 사이에 있는 발리의 예술 마을. 원숭이 숲과 왕궁, 공방들이 걸어 다닐 거리에 모여 있습니다. 해변 쪽 소란함이 없어 며칠 머무는 사람이 많습니다. 덴파사르 공항에서 차로 한 시간 반입니다.
akureyri	아이슬란드 북부의 중심 도시이자 두 번째로 큰 곳. 고래 관찰 배가 여기서 뜨고 겨울에는 스키장이 열립니다. 미바튼 호수와 데티포스로 가는 거점입니다. 레이캬비크에서 비행기로 45분입니다.
lucca	성벽이 통째로 남아 그 위를 자전거로 도는 토스카나 도시. 나무가 심긴 성벽길이 4km 남짓이라 한 바퀴에 한 시간입니다. 푸치니가 태어난 곳이라 여름마다 오페라 공연이 있습니다. 피렌체에서 기차로 한 시간 반입니다.
matera	바위를 파서 만든 집들이 골짜기 양쪽에 붙어 있는 남부 도시. 그 동굴 마을 사시가 세계유산이고 8천 년 넘게 사람이 살았습니다. 지금은 호텔과 식당으로 바뀌어 그 안에서 묵을 수 있습니다. 바리에서 버스로 한 시간 반입니다.
assisi	성 프란치스코가 나고 묻힌 움브리아의 언덕 마을. 조토의 벽화가 있는 대성당이 세계유산입니다. 흰 돌로 지어 언덕 아래에서 보면 마을 전체가 밝습니다. 로마에서 기차로 두 시간입니다.
battambang	프랑스 식민지 시절 건물이 남아 있는 캄보디아 제2의 도시. 대나무 판에 바퀴를 단 대나무 기차가 명물입니다. 앙코르 이전의 사원과 박쥐 동굴이 근교에 있습니다. 시엠레아프에서 버스로 서너 시간입니다.
gangjin	청자를 굽던 가마터가 남아 있는 전남 남해안 고을. 강진청자박물관에서 굽는 과정을 볼 수 있습니다. 정약용이 18년을 보낸 다산초당이 만덕산 자락에 있습니다. 광주에서 차로 한 시간 반입니다.
ganghwa	고인돌부터 고려 궁터까지 시대가 겹쳐 쌓인 섬. 다리로 이어져 있어 서울에서 차로 갑니다. 갯벌과 해안 성곽, 전등사가 하루 코스로 묶입니다. 서울에서 차로 한 시간 반입니다.
geochang	덕유산과 지리산 사이에 앉은 경남 산골. 수승대 계곡이 여름 피서지로 알려져 있습니다. 8월이면 야외에서 국제연극제가 열립니다. 대전에서 차로 한 시간 반입니다.
gochang	고인돌 유적과 청보리밭으로 알려진 전북 고을. 고창읍성이 성벽째 남아 밟고 한 바퀴 돕니다. 4월 말 청보리밭 축제 때가 가장 붐빕니다. 광주에서 차로 한 시간입니다.
gunsan	일제강점기 건물이 거리째 남아 있는 전북 항구 도시. 근대역사박물관과 옛 세관, 히로쓰 가옥이 걸어서 이어집니다. 배로 30분이면 선유도가 있는 고군산군도에 닿습니다. 서울에서 고속버스로 세 시간입니다.
namwon	춘향전의 배경이 된 전북 남부 고을. 광한루원이 시내 한복판에 있습니다. 지리산 뱀사골과 정령치로 오르는 들머리이기도 합니다. 서울에서 KTX로 두 시간 반입니다.
namhae	다랑논과 굽은 해안도로로 알려진 경남의 섬. 독일마을과 금산 보리암이 대표적입니다. 차로 섬을 한 바퀴 도는 데 하루가 걸립니다. 부산에서 차로 두 시간입니다.
danyang	남한강이 감아 도는 충북 산골. 도담삼봉과 고수동굴, 만천하 스카이워크가 강을 따라 있습니다. 소백산 자락이라 패러글라이딩으로도 알려져 있습니다. 서울에서 기차로 두 시간입니다.
donghae	묵호항과 추암 촛대바위가 있는 강원 동해안 도시. 무릉계곡이 두타산 자락으로 이어집니다. 묵호 등대 아래 논골담길이 언덕을 따라 있습니다. 서울에서 KTX로 두 시간 반입니다.
mungyeong	영남과 한양을 잇던 옛길이 남은 경북 고을. 문경새재 세 관문을 걸어서 넘습니다. 폐광을 고쳐 만든 철로자전거가 골짜기를 달립니다. 서울에서 버스로 두 시간입니다.
boryeong	대천해수욕장과 머드축제로 알려진 충남 서해안 도시. 7월 말 축제 때 해변이 가장 붐빕니다. 무창포에서는 물이 갈라지는 날에 맞춰 사람이 몰립니다. 서울에서 기차로 두 시간 반입니다.
buan	변산반도 국립공원을 품은 전북 서해안 고을. 채석강 바위 절벽과 내소사 전나무길이 대표적입니다. 해안도로를 따라 반나절이면 한 바퀴 돕니다. 전주에서 차로 한 시간입니다.
sancheong	지리산 서쪽 자락의 경남 산골. 한방약초축제와 동의보감촌으로 알려져 있습니다. 지리산 중산리 코스로 오르는 들머리가 여기입니다. 부산에서 차로 두 시간입니다.
samcheok	석회동굴이 몰려 있는 강원 동해안 최남단 도시. 환선굴과 대금굴을 모노레일로 오릅니다. 장호항 바다가 맑아 여름에 투명카약을 탑니다. 서울에서 버스로 세 시간입니다.
yangyang	서핑 해변으로 다시 알려진 강원 동해안 고을. 죽도와 인구 해변에 사철 강습이 있습니다. 낙산사와 하조대가 해안도로를 따라 이어집니다. 서울에서 버스로 두 시간 반입니다.
yangpyeong	남한강과 북한강이 만나는 경기 동부 고을. 두물머리 물안개가 이른 아침에 오릅니다. 전철이 닿아 서울에서 당일로 다녀옵니다. 용산에서 경의중앙선으로 한 시간 반입니다.
yeongwol	단종의 유배지가 남아 있는 강원 남부 산골. 청령포와 장릉, 김삿갓 묘가 흩어져 있습니다. 동강에서 래프팅을 하고 별마로천문대에서 밤하늘을 봅니다. 서울에서 버스로 세 시간입니다.
yeongju	부석사 무량수전이 있는 경북 북부 도시. 소수서원과 선비촌이 함께 묶입니다. 풍기는 인삼으로 오래 알려진 곳입니다. 서울에서 KTX로 두 시간입니다.
wando	다리로 육지와 이어진 전남 남해안의 섬. 청산도로 가는 배가 여기서 뜹니다. 해안도로와 수목원이 하루 코스로 이어집니다. 광주에서 차로 두 시간입니다.
ulleung	동해 한가운데 솟은 화산섬. 해안을 따라 도는 길과 성인봉 등산로가 대표적입니다. 배편이 날씨에 자주 묶이니 일정을 넉넉히 잡습니다. 강릉이나 포항에서 배로 세 시간 안팎입니다.
icheon	도자기와 쌀로 알려진 경기 동남부 도시. 예스파크에 공방 수백 곳이 모여 있습니다. 온천과 산수유마을이 계절마다 사람을 부릅니다. 서울에서 차로 한 시간입니다.
inje	설악산 서쪽 자락의 강원 산골. 내린천 래프팅과 자작나무숲이 대표적입니다. 백담사에서 봉정암으로 오르는 길이 여기서 시작합니다. 서울에서 버스로 두 시간입니다.
shymkent	알마티·아스타나 다음으로 큰 카자흐스탄 제3의 도시. 실크로드가 지나던 자리라 옛 시장이 지금도 큽니다. 세계유산 도시 투르키스탄으로 가는 거점입니다. 알마티에서 비행기로 한 시간 반입니다.
pakse	메콩강과 세돈강이 만나는 라오스 남부의 도시. 볼라벤 고원 커피 농장과 폭포로 가는 출발점입니다. 4천 개의 섬 시판돈으로 내려가는 길목이기도 합니다. 비엔티안에서 비행기로 한 시간입니다.
negombo	콜롬보 공항에서 가장 가까운 스리랑카 해변 도시. 새벽 어시장과 네덜란드 시대 운하가 남아 있습니다. 첫날이나 마지막 날을 여기서 묵는 사람이 많습니다. 공항에서 차로 20분입니다.
kuching	보르네오섬 사라왁주의 주도. 이름이 말레이어로 고양이라 시내 곳곳에 고양이상이 있습니다. 오랑우탄 보호구역과 바코 국립공원이 차로 한 시간 거리입니다. 쿠알라룸푸르에서 비행기로 두 시간입니다.
biratnagar	인도 국경에 붙은 네팔 남동부의 공업 도시. 네팔에서 두 번째로 큰 도시이고 평지라 카트만두와 기후가 다릅니다. 동부 히말라야 트레킹으로 들어가는 관문입니다. 카트만두에서 비행기로 한 시간입니다.
napier	1931년 지진 뒤 아르데코 양식으로 다시 지은 뉴질랜드 북섬 도시. 시내 전체가 1930년대 건물로 채워져 있습니다. 호크스베이 와이너리가 둘레에 흩어져 있습니다. 오클랜드에서 비행기로 한 시간입니다.
wanaka	와나카 호숫가에 있는 뉴질랜드 남섬의 마을. 물속에 선 와나카 나무가 사진으로 알려져 있습니다. 마운트 어스파이어링 국립공원으로 가는 거점입니다. 퀸스타운에서 차로 한 시간입니다.
callao	리마에 붙어 있는 페루 최대의 항구. 스페인 시대 레알펠리페 요새가 바다를 보고 서 있습니다. 벽화로 채운 몬세라테 골목이 최근에 알려졌습니다. 리마 시내에서 차로 40분입니다.
bacolod-city	네그로스섬 서쪽의 도시. 설탕 농장 시대의 저택들이 근교에 남아 있습니다. 10월 마스카라 축제 때 가면 행렬이 거리를 채웁니다. 마닐라에서 비행기로 한 시간입니다.
iloilo	파나이섬 남쪽의 필리핀 서비사야 중심 도시. 스페인 시대 성당들이 세계유산으로 묶여 있습니다. 배로 30분이면 기마라스섬 망고밭에 닿습니다. 마닐라에서 비행기로 한 시간입니다.
lublin	폴란드 동부의 대학 도시. 성과 구시가 광장이 언덕 위에 모여 있습니다. 근교에 마이다네크 수용소 유적이 그대로 남아 있습니다. 바르샤바에서 기차로 두 시간입니다.
moscow	붉은광장과 크렘린이 있는 러시아의 수도. 지하철역들이 대리석과 모자이크로 채워져 그 자체가 볼거리입니다. 볼쇼이 극장과 트레티야코프 미술관이 시내에 있습니다. 인천에서 직항이 끊겨 지금은 경유해서 갑니다.
linkoeping	스웨덴 남부 외스테르예틀란드주의 중심 도시. 800년 된 대성당과 야외 박물관 감라린셰핑이 있습니다. 예타 운하가 근교를 지나 배로 다닐 수 있습니다. 스톡홀름에서 기차로 두 시간입니다.
surat-thani	코사무이와 코팡안으로 가는 배가 뜨는 태국 남부 도시. 도시 자체보다 갈아타는 곳으로 지나갑니다. 야시장과 강가 사원이 하룻밤 묵을 거리는 됩니다. 방콕에서 비행기로 한 시간입니다.
goereme	바위를 깎아 만든 집과 교회가 남은 카파도키아의 마을. 새벽에 열기구 수백 개가 계곡 위로 뜹니다. 야외박물관과 계곡 트레킹 코스가 걸어서 이어집니다. 이스탄불에서 비행기로 한 시간 반, 카이세리에서 차로 한 시간입니다.
sanliurfa	아브라함이 태어났다고 전해지는 튀르키예 남동부 도시. 잉어 연못과 옛 시장이 구시가에 붙어 있습니다. 1만 년 전 신전 괴베클리테페가 차로 20분 거리입니다. 이스탄불에서 비행기로 두 시간입니다.
nantou	바다와 닿지 않는 대만 유일의 내륙현. 일월담 호수를 자전거로 돌거나 배로 건넙니다. 청징 농장과 위산 국립공원이 산 쪽에 있습니다. 타이중에서 버스로 한 시간 반입니다.
pingtung	대만 남쪽 끝 핑둥현의 중심 도시. 컨딩 국립공원으로 내려가는 길목입니다. 사찰과 야시장이 시내에 모여 있습니다. 가오슝에서 기차로 30분입니다.
monterey	캘리포니아 중부 해안의 옛 어촌. 존 스타인벡이 쓴 통조림 골목이 그대로 이름으로 남았습니다. 몬터레이베이 수족관과 17마일 드라이브가 이어집니다. 샌프란시스코에서 차로 두 시간입니다.
pretoria	남아프리카공화국의 행정 수도. 10월이면 자카란다가 거리를 보라색으로 덮습니다. 유니언 빌딩과 선구자 기념관이 언덕 위에 있습니다. 요하네스버그에서 차로 한 시간입니다.
andorra-la-vella	피레네산맥 골짜기에 있는 유럽에서 가장 높은 수도. 면세 지역이라 쇼핑하러 오는 사람이 많습니다. 겨울에는 근교 스키장, 여름에는 산길 트레킹으로 찾습니다. 바르셀로나에서 버스로 세 시간입니다.
kabul	해발 1,800m 고원에 있는 아프가니스탄의 수도. 바부르 정원과 옛 시장이 남아 있습니다. 정세가 불안정해 대부분의 나라가 여행을 금지하고 있습니다. 두바이나 이슬라마바드에서 비행기로 갑니다.
saint-john-s	앤티가 바부다의 수도이자 카리브해의 항구. 크루즈가 들어오는 부두 옆에 파스텔색 상점가가 있습니다. 섬 둘레에 해변이 365개라고 소개합니다. 마이애미에서 비행기로 세 시간 반입니다.
tirana	건물마다 색을 칠해 놓은 알바니아의 수도. 공산 시절 벙커를 박물관으로 바꾼 분크아트가 있습니다. 케이블카로 다이티산에 오르면 시내가 내려다보입니다. 이스탄불에서 비행기로 한 시간 반입니다.
gyumri	1988년 지진을 겪고 다시 세운 아르메니아 제2의 도시. 검은 돌로 지은 옛 거리가 복원되어 있습니다. 예술가들이 모여 살아 공방과 미술관이 있습니다. 예레반에서 기차로 세 시간입니다.
yerevan	아라라트산을 마주 보고 앉은 아르메니아의 수도. 분홍빛 응회암으로 지어 장밋빛 도시로 불립니다. 계단 조형물 캐스케이드에 오르면 산과 시내가 함께 보입니다. 이스탄불이나 도하에서 비행기로 갑니다.
luanda	대서양에 면한 앙골라의 수도이자 항구. 포르투갈 시대 요새가 바다를 보고 서 있습니다. 물가가 아프리카에서 가장 비싼 도시로 자주 꼽힙니다. 도하나 이스탄불에서 비행기로 갑니다.
ganja	아제르바이잔 제2의 도시. 12세기 시인 니자미의 묘와 붉은 벽돌 사원이 있습니다. 조지아 국경으로 가는 길목이라 거쳐 가는 사람이 많습니다. 바쿠에서 기차로 대여섯 시간입니다.
sarajevo	모스크와 성당과 시나고그가 한 골목에 있는 보스니아의 수도. 1984년 동계올림픽과 1990년대 포위전이 함께 남아 있습니다. 옛 시장 바슈차르시야에서 커피를 마십니다. 이스탄불에서 비행기로 두 시간입니다.
bridgetown	바베이도스의 수도이자 카리브해의 옛 영국 항구. 구시가와 수비대가 세계유산입니다. 럼이 처음 만들어진 곳으로 알려져 증류소를 돕니다. 마이애미에서 비행기로 네 시간입니다.
dhaka	릭샤가 거리를 채운 방글라데시의 수도. 옛 다카의 라르바그 요새와 강가 선착장이 볼거리입니다. 인구 밀도가 세계에서 손꼽히게 높아 이동에 시간이 걸립니다. 인천에서 경유해 여덟 시간 안팎입니다.
ouagadougou	부르키나파소의 수도. 두 해에 한 번 아프리카 최대 영화제 페스파코가 열립니다. 청동 공예와 가면을 파는 장인 마을이 시내에 있습니다. 파리나 이스탄불에서 비행기로 갑니다.
varna	흑해에 면한 불가리아 제3의 도시이자 여름 휴양지. 6천 년 전 황금 유물이 나온 고고학박물관이 있습니다. 로마 시대 목욕탕 터가 시내 한복판에 남아 있습니다. 소피아에서 비행기로 한 시간입니다.
ar-rifa	바레인에서 두 번째로 큰 도시. 왕실이 사는 곳이라 궁과 관공서가 모여 있습니다. 리파 요새에서 골짜기를 내려다봅니다. 마나마에서 차로 20분입니다.
bujumbura	탕가니카 호숫가에 있는 부룬디 최대 도시. 호수 해변과 하마·악어를 보는 배편이 있습니다. 2019년까지 수도였고 지금도 경제 중심입니다. 나이로비나 아디스아바바에서 비행기로 갑니다.
parakou	베냉 북부의 중심 도시. 코토누에서 오는 철도의 종점입니다. 북쪽 국립공원으로 가는 길목이라 거쳐 갑니다. 코토누에서 차로 예닐곱 시간입니다.
nassau	바하마의 수도이자 크루즈가 모이는 항구. 파스텔색 식민지 건물과 밀짚 시장이 부두 옆에 있습니다. 다리 건너 파라다이스섬에 큰 리조트가 모여 있습니다. 마이애미에서 비행기로 한 시간입니다.
thimphu	신호등이 없는 것으로 알려진 부탄의 수도. 해발 2,400m 골짜기에 있고 종이라 부르는 요새 사원이 중심입니다. 개별 여행이 안 되고 정해진 일정으로만 들어갑니다. 방콕에서 파로 공항까지 비행기로 네 시간입니다.
gaborone	보츠와나의 수도. 도시 자체는 작고 조용하며 근교에 야생동물 보호구역이 있습니다. 오카방고 삼각주로 가는 국내선이 여기서 뜹니다. 요하네스버그에서 비행기로 한 시간입니다.
minsk	전쟁으로 부서진 뒤 소비에트 양식으로 다시 지은 벨라루스의 수도. 독립대로를 따라 큰 건물이 줄지어 있습니다. 지하철과 거리가 넓고 깨끗한 편입니다. 이스탄불에서 비행기로 세 시간입니다.
belize-city	벨리즈 최대의 도시이자 항구. 세계에서 두 번째로 큰 산호초로 나가는 배가 여기서 뜹니다. 수도는 벨모판이지만 사람과 교통은 이쪽에 모입니다. 마이애미에서 비행기로 두 시간 반입니다.
lubumbashi	콩고민주공화국 남부의 광업 도시. 벨기에 식민지 시절 계획도시로 지어 격자로 반듯합니다. 구리 광산 지대의 중심이라 사람과 돈이 모입니다. 요하네스버그에서 비행기로 세 시간입니다.
bangui	우방기강가에 있는 중앙아프리카공화국의 수도. 프랑스가 세운 기지에서 시작된 도시입니다. 정세가 불안해 대부분의 나라가 여행을 자제하도록 권합니다. 파리나 카사블랑카에서 비행기로 갑니다.
brazzaville	콩고강을 사이에 두고 킨샤사와 마주 보는 콩고공화국의 수도. 세계에서 가장 가까운 두 수도로 꼽힙니다. 생트안 성당과 강가 산책로가 있습니다. 파리나 아디스아바바에서 비행기로 갑니다.
abidjan	석호를 끼고 있는 코트디부아르 최대 도시. 고층 건물이 늘어선 플라토와 시장이 붐비는 트레시빌이 다리로 이어집니다. 근교 그랑바삼은 옛 수도이자 세계유산입니다. 파리나 이스탄불에서 비행기로 갑니다.
puerto-montt	칠레 호수지방의 관문 항구. 여기서부터 남쪽 파타고니아 피오르로 배가 뜹니다. 오소르노 화산과 호수들이 차로 한 시간 거리입니다. 산티아고에서 비행기로 두 시간입니다.
douala	카메룬 최대의 도시이자 항구. 나라 대부분의 물자가 이 항구로 드나듭니다. 아프리카에서 가장 높은 카메룬산으로 가는 길목입니다. 파리나 이스탄불에서 비행기로 갑니다.
las-tunas	쿠바 동부의 조각 도시. 거리 곳곳에 조형물이 서 있어 그렇게 부릅니다. 아바나와 산티아고데쿠바 사이를 오갈 때 거쳐 갑니다. 아바나에서 차로 여덟 시간입니다.
santiago-de-cuba	카리브해에 면한 쿠바 제2의 도시. 손과 트로바 같은 쿠바 음악이 시작된 곳입니다. 7월 카니발 때 거리가 가장 붐빕니다. 아바나에서 비행기로 한 시간 반입니다.
mindelo	카보베르데 상비센트섬의 항구 도시. 모르나와 콜라데손 같은 섬 음악의 중심입니다. 2월 카니발이 브라질식으로 크게 열립니다. 리스본에서 비행기로 여섯 시간입니다.
nicosia	세계에서 유일하게 둘로 나뉜 수도. 그리스계 남쪽과 튀르키예계 북쪽 사이를 검문소로 건넙니다. 베네치아 시대 성벽이 도시를 둥글게 감싸고 있습니다. 이스탄불이나 아테네에서 비행기로 갑니다.
liberec	독일·폴란드 국경에 가까운 체코 북부 도시. 예슈테드산 꼭대기의 원뿔 호텔이 멀리서도 보입니다. 겨울 스포츠와 근교 바위산 트레킹으로 찾습니다. 프라하에서 버스로 한 시간 반입니다.
djibouti	홍해 입구에 있는 지부티의 수도이자 항구. 소금 호수 아살과 화산 지대가 차로 갈 거리에 있습니다. 겨울에 고래상어가 모이는 바다로 알려져 있습니다. 두바이나 아디스아바바에서 비행기로 갑니다.
randers	덴마크 윌란반도 중부의 도시. 실내 열대우림 정원 레게스코벤이 대표적입니다. 바이킹 유적과 강가 산책로가 근교에 있습니다. 코펜하겐에서 기차로 세 시간입니다.
esbjerg	북해에 면한 덴마크 서부의 항구 도시. 바다를 보고 선 흰 조각상 「바다를 마주한 사람」이 상징입니다. 갯벌 세계유산 바덴해와 팡외섬으로 가는 배가 뜹니다. 코펜하겐에서 기차로 세 시간입니다.
roseau	카리브해 도미니카 연방의 수도. 프랑스풍 목조 건물이 좁은 거리에 늘어서 있습니다. 근교에 끓는 호수와 열대우림 트레킹 코스가 있습니다. 마이애미에서 경유해 갑니다.
santo-domingo	아메리카 대륙에서 가장 오래된 유럽식 도시. 콜럼버스 시대의 성당과 성이 있는 소나콜로니알이 세계유산입니다. 카리브 해변은 푼타카나 쪽으로 따로 갑니다. 뉴욕이나 마이애미에서 비행기로 갑니다.
algiers	지중해 언덕에 흰 건물이 층층이 앉은 알제리의 수도. 오스만 시대 미로 같은 카스바가 세계유산입니다. 프랑스풍 대로와 아랍 시장이 붙어 있습니다. 파리나 이스탄불에서 비행기로 갑니다.
guayaquil	에콰도르에서 가장 큰 도시이자 태평양 항구. 강가 산책로 말레콘과 언덕 마을 라스페냐스가 이어집니다. 갈라파고스로 가는 비행기가 여기서 뜹니다. 마드리드나 마이애미에서 비행기로 갑니다.
ambato	해발 2,500m 안데스 고원에 있는 에콰도르 중부 도시. 2월 과일과 꽃 축제로 알려져 있습니다. 화산 침보라소로 오르는 길목입니다. 키토에서 버스로 세 시간입니다.
narva	러시아와 강 하나를 사이에 둔 에스토니아 동쪽 끝 도시. 나르바 성과 강 건너 이반고로드 요새가 마주 보고 있습니다. 주민 대부분이 러시아어를 씁니다. 탈린에서 기차로 세 시간입니다.
asmara	해발 2,300m 고원에 있는 에리트레아의 수도. 이탈리아가 지은 모더니즘 건물이 거리째 남아 세계유산입니다. 카페와 극장이 1930년대 모습 그대로입니다. 두바이나 카이로에서 비행기로 갑니다.
addis-ababa	해발 2,400m에 있는 에티오피아의 수도. 이름이 「새 꽃」이라는 뜻입니다. 인류 화석 루시가 있는 국립박물관과 아프리카연합 본부가 있습니다. 인천에서 직항으로 열세 시간입니다.
oulu	북극권에 가까운 핀란드 북부의 중심 도시. 자전거 도로가 겨울에도 치워져 사철 자전거를 탑니다. 시장 광장의 뚱보 경찰 동상이 상징입니다. 헬싱키에서 비행기로 한 시간입니다.
lautoka	사탕수수로 알려진 피지 제2의 도시. 정제 공장이 있어 설탕 도시로 불립니다. 야사와 제도로 가는 배가 여기서 뜹니다. 난디 공항에서 차로 30분입니다.
weno	미크로네시아 추크주의 중심 섬이자 가장 큰 도시. 앞바다에 2차대전 침몰선이 가라앉아 있어 난파선 다이빙으로 알려져 있습니다. 섬 자체는 작아 반나절이면 돕니다. 괌에서 비행기로 한 시간 반입니다.
libreville	대서양에 면한 가봉의 수도. 해방 노예들이 세운 도시라 이름이 「자유의 도시」입니다. 해변 대로와 국립박물관이 시내에 있습니다. 파리나 이스탄불에서 비행기로 갑니다.
saint-george-s	말굽 모양 항구를 붉은 지붕이 둘러싼 그레나다의 수도. 육두구와 카카오 산지로 향신료 섬이라 불립니다. 수중 조각공원에서 스노클링을 합니다. 마이애미에서 비행기로 네 시간입니다.
gori	스탈린이 태어난 조지아 중부의 도시. 생가와 전용 열차가 박물관으로 남아 있습니다. 근교에 바위를 파서 만든 고대 도시 우플리스치헤가 있습니다. 트빌리시에서 차로 한 시간입니다.
batumi	흑해에 면한 조지아의 휴양 도시. 해변 대로에 현대 건물과 조형물이 늘어서 있습니다. 여름 성수기와 겨울 비수기의 분위기가 크게 다릅니다. 트빌리시에서 기차로 다섯 시간입니다.
kumasi	옛 아샨티 왕국의 수도였던 가나 제2의 도시. 왕궁 박물관과 켄테 직물 마을이 있습니다. 서아프리카에서 가장 큰 시장으로 꼽히는 케제티아 시장이 있습니다. 아크라에서 차로 다섯 시간입니다.
bakau	감비아 수도 반줄 옆의 대서양 해변 도시. 악어 연못 카추칼리가 이 도시의 명물입니다. 유럽에서 오는 겨울 휴양객이 이 해변에 모입니다. 반줄에서 차로 20분입니다.
conakry	대서양 반도에 길게 뻗은 기니의 수도. 국립박물관과 큰 이슬람 사원이 시내에 있습니다. 앞바다 로스 제도로 배를 타고 나갑니다. 파리나 이스탄불에서 비행기로 갑니다.
malabo	비오코섬에 있는 적도기니의 수도. 화산섬이라 도시 뒤로 바로 산이 솟아 있습니다. 스페인 식민지 시절 성당과 총독부 건물이 남아 있습니다. 마드리드나 아디스아바바에서 비행기로 갑니다.
guatemala-city	화산에 둘러싸인 과테말라의 수도이자 최대 도시. 국립고고학박물관에 마야 유물이 모여 있습니다. 안티과와 아티틀란 호수로 가는 출발점입니다. 미국을 경유해 비행기로 갑니다.
quetzaltenango	해발 2,380m에 있는 과테말라 제2의 도시. 현지에서는 셀라라고 부릅니다. 스페인어 어학연수와 근교 화산 트레킹으로 찾습니다. 과테말라시티에서 버스로 네 시간입니다.
bissau	대서양 강어귀에 있는 기니비사우의 수도. 포르투갈 시대 건물이 낡은 채로 남아 있습니다. 앞바다 비자고스 제도가 생물권보전지역입니다. 리스본에서 비행기로 다섯 시간입니다.
new-amsterdam	가이아나 동부 버비스강가의 도시. 네덜란드가 세워 이름이 남았습니다. 수리남 국경으로 건너가는 나룻배가 근처에서 뜹니다. 조지타운에서 차로 두 시간입니다.
san-pedro-sula	온두라스 북서부의 상업 도시. 마야 유적 코판과 카리브 해안으로 가는 길목입니다. 국제선이 이 도시로 많이 들어옵니다. 미국을 경유해 비행기로 갑니다.
port-de-paix	아이티 북서부의 항구 도시. 콜럼버스가 상륙했던 토르투가섬이 앞바다에 있습니다. 도로 사정이 나빠 육로 이동에 시간이 걸립니다. 포르토프랭스에서 차로 예닐곱 시간입니다.
debrecen	헝가리 제2의 도시이자 동부의 중심. 노란 대개혁교회가 광장에 서 있습니다. 근교 호르토바지 초원이 세계유산입니다. 부다페스트에서 기차로 두 시간 반입니다.
buda	도나우강 서쪽, 부다페스트의 언덕 쪽 절반. 왕궁과 어부의 요새, 마차시 성당이 이 언덕에 있습니다. 강 건너 페슈트의 야경을 여기서 내려다봅니다. 부다페스트 시내라 따로 갈 것은 없습니다.
south-dublin	더블린 남서쪽에 붙은 아일랜드의 행정구역. 위클로산맥으로 이어지는 초입이라 트레킹 코스가 있습니다. 탈라를 중심으로 주거지와 상업지구가 모여 있습니다. 더블린 시내에서 전차로 40분입니다.
netanya	텔아비브 북쪽 지중해 해변 도시. 절벽 위 산책로에서 바다를 내려다봅니다. 이스라엘 다이아몬드 가공의 중심지입니다. 텔아비브에서 기차로 30분입니다.
jerusalem	유대교·기독교·이슬람이 함께 성지로 삼는 도시. 통곡의 벽과 성묘교회, 바위의 돔이 성벽 안 1km 안에 모여 있습니다. 구시가 전체가 세계유산입니다. 텔아비브에서 차로 한 시간입니다.
baghdad	티그리스강가에 있는 이라크의 수도. 한때 이슬람 세계 최대의 도시였고 국립박물관에 메소포타미아 유물이 있습니다. 정세에 따라 여행 제한이 자주 바뀝니다. 이스탄불이나 도하에서 비행기로 갑니다.
mashhad	시아파 최대 성지가 있는 이란 제2의 도시. 이맘 레자 성묘에 해마다 수천만 명이 찾아옵니다. 성지 구역만 걸어도 한나절이 갑니다. 테헤란에서 비행기로 한 시간 반입니다.
keflavik	아이슬란드 국제공항이 있는 남서부 도시. 대부분 첫날이나 마지막 날에 묵습니다. 블루라군과 레이캬네스 용암지대가 차로 20분 거리입니다. 공항에서 시내까지 차로 5분입니다.
kingston	자메이카의 수도이자 레게의 고향. 밥 말리 박물관이 그가 살던 집에 그대로 있습니다. 뒤로 블루마운틴이 솟아 커피 농장으로 이어집니다. 뉴욕이나 마이애미에서 비행기로 갑니다.
irbid	요르단 북부의 대학 도시. 로마 유적 제라시와 움카이스로 가는 거점입니다. 시리아 국경에 가까워 교역이 활발했습니다. 암만에서 차로 한 시간 반입니다.
nakuru	나쿠루 호수 옆에 있는 케냐 제3의 도시. 호수에 홍학이 모이고 국립공원에 코뿔소가 삽니다. 그레이트리프트밸리를 지나며 들르는 곳입니다. 나이로비에서 차로 세 시간입니다.
osh	3천 년이 넘은 키르기스스탄 제2의 도시. 시내 한복판에 솟은 술라이만투산이 세계유산입니다. 페르가나 계곡에 있어 실크로드 시장 분위기가 남아 있습니다. 비슈케크에서 비행기로 한 시간입니다.
tarawa	산호초 위에 길게 뻗은 키리바시의 수도. 2차대전 격전지라 해변에 잔해가 남아 있습니다. 해발이 3m 남짓이라 해수면 상승 이야기에 자주 나옵니다. 피지나 브리즈번에서 비행기로 갑니다.
moroni	화산 아래 바닷가에 앉은 코모로의 수도. 흰 산호석으로 지은 옛 사원과 미로 같은 골목이 있습니다. 카르탈라 화산으로 오르는 길이 근교에서 시작합니다. 나이로비나 두바이에서 비행기로 갑니다.
basseterre	세인트키츠 네비스의 수도이자 항구. 영국풍 광장 서큐스와 시계탑이 중심입니다. 산악철도로 사탕수수밭을 돌던 노선이 관광용으로 남아 있습니다. 마이애미에서 비행기로 세 시간 반입니다.
kuwait-city	페르시아만에 면한 쿠웨이트의 수도. 물탱크를 겸한 쿠웨이트 타워가 상징입니다. 여름에는 낮 기온이 50도에 가까워 겨울에 갑니다. 인천에서 경유해 열두 시간 안팎입니다.
aktobe	카자흐스탄 서부의 중심 도시. 러시아 국경에 가까워 두 나라를 오가는 길목입니다. 소비에트 시절에 크게 지어진 계획도시입니다. 알마티에서 비행기로 세 시간입니다.
beirut	지중해와 산 사이에 낀 레바논의 수도. 내전과 재건이 거리마다 겹쳐 있습니다. 로마 유적 바알베크와 비블로스로 가는 거점입니다. 이스탄불이나 도하에서 비행기로 갑니다.
castries	세인트루시아의 수도이자 크루즈 항구. 뒤로 피통 봉우리 둘이 솟은 화산섬입니다. 유황 온천과 열대우림이 차로 갈 거리에 있습니다. 마이애미에서 비행기로 네 시간입니다.
vaduz	라인강가 산자락에 있는 리히텐슈타인의 수도. 인구 오천 명 남짓이라 걸어서 다 봅니다. 언덕 위 공작 성은 밖에서만 볼 수 있습니다. 취리히에서 기차와 버스로 두 시간입니다.
monrovia	대서양에 면한 라이베리아의 수도. 미국 대통령 먼로의 이름에서 왔습니다. 내전 뒤 재건 중이라 도시 곳곳이 공사 중입니다. 브뤼셀이나 카사블랑카에서 비행기로 갑니다.
maseru	남아프리카공화국에 둘러싸인 레소토의 수도. 강 위 다리를 건너 국경을 넘습니다. 말을 타고 고원을 도는 여행이 이 나라의 대표 일정입니다. 요하네스버그에서 차로 다섯 시간입니다.
siauliai	리투아니아 북부의 도시. 근교 십자가 언덕에 십자가 수십만 개가 꽂혀 있습니다. 소련이 세 번 밀었지만 그때마다 다시 세워졌습니다. 빌뉴스에서 버스로 세 시간입니다.
luxembourg	골짜기 위 절벽에 얹힌 룩셈부르크의 수도. 바위를 파서 만든 요새 굴 보크가 세계유산입니다. 도시 안 대중교통이 무료입니다. 파리에서 기차로 두 시간입니다.
benghazi	리비아 제2의 도시이자 동부의 중심. 그리스·로마 유적 키레네가 차로 갈 거리에 있습니다. 정세가 불안정해 여행이 제한됩니다. 이스탄불이나 카이로에서 비행기로 갑니다.
monaco	지중해 절벽에 붙은 도시국가. F1 그랑프리가 시가지 도로에서 열립니다. 몬테카를로 카지노와 해양박물관이 걸어서 이어집니다. 니스에서 기차로 20분입니다.
chisinau	몰도바의 수도. 소비에트 시절 계획도시라 넓은 공원과 대로가 있습니다. 세계에서 가장 큰 와인 저장고 밀레스티미치가 근교에 있습니다. 이스탄불에서 비행기로 두 시간입니다.
niksic	몬테네그로 내륙의 도시. 이 나라에서 가장 널리 마시는 맥주가 여기서 나옵니다. 두르미토르 국립공원과 타라 협곡으로 가는 길목입니다. 포드고리차에서 차로 한 시간입니다.
antananarivo	해발 1,300m 언덕에 계단처럼 지은 마다가스카르의 수도. 왕궁 터에서 시내가 내려다보입니다. 바오바브와 여우원숭이를 보러 지방으로 나가는 출발점입니다. 파리나 아디스아바바에서 비행기로 갑니다.
majuro	산호초가 길게 이어진 마셜제도의 수도. 섬 폭이 좁아 양쪽 바다가 동시에 보이는 곳이 많습니다. 2차대전 흔적과 다이빙 포인트가 있습니다. 괌이나 호놀룰루에서 비행기로 갑니다.
skopje	바르다르강이 가르는 북마케도니아의 수도. 오스만 시대 돌다리와 옛 시장이 강 북쪽에 있습니다. 2014년에 동상과 신고전 건물을 대거 세워 논란이 있었습니다. 이스탄불에서 비행기로 두 시간입니다.
bamako	니제르강가에 있는 말리의 수도. 서아프리카 음악의 중심으로 알려져 있습니다. 정세가 불안정해 여행 자제 권고가 내려져 있습니다. 파리나 이스탄불에서 비행기로 갑니다.
mandalay	미얀마의 마지막 왕조가 수도로 삼았던 도시. 왕궁과 만달레이 언덕, 우베인 다리가 대표적입니다. 바간으로 내려가는 배가 여기서 뜹니다. 양곤에서 비행기로 한 시간입니다.
baruun-urt	몽골 동부 수흐바타르주의 중심 마을. 초원 한가운데라 유목 생활을 가까이서 봅니다. 다리강가 화산지대와 모래언덕이 남쪽에 있습니다. 울란바타르에서 차로 아홉 시간입니다.
ulan-bator	세계에서 가장 추운 수도로 꼽히는 몽골의 수도. 간단 사원과 자이승 전망대가 시내에 있습니다. 초원과 고비로 나가는 모든 일정이 여기서 시작합니다. 인천에서 직항으로 세 시간 반입니다.
nouakchott	사하라 사막 서쪽 끝, 대서양에 면한 모리타니의 수도. 해질 무렵 어부들이 배를 끌어 올리는 항구가 볼거리입니다. 사막을 가로지르는 철광석 열차가 이 나라의 명물입니다. 파리나 카사블랑카에서 비행기로 갑니다.
sliema	몰타 발레타 건너편의 해안 도시. 바위 해변을 따라 산책로가 길게 이어집니다. 발레타로 가는 배가 5분마다 뜹니다. 발레타에서 배로 10분입니다.
curepipe	모리셔스 고원에 있는 도시. 비가 잦고 서늘해 해안과 기후가 다릅니다. 사화산 분화구 트루오세르프가 시내 가까이 있습니다. 공항에서 차로 40분입니다.
blantyre	말라위 최대의 도시이자 상업 중심. 스코틀랜드 선교사가 세워 이름이 그렇게 남았습니다. 물란제산 트레킹으로 가는 거점입니다. 요하네스버그나 나이로비에서 비행기로 갑니다.
nampula	모잠비크 북부의 중심 도시. 세계유산 모잠비크섬으로 가는 길목입니다. 바위산이 도시 둘레에 솟아 있습니다. 마푸투에서 비행기로 두 시간입니다.
windhoek	고원에 있는 나미비아의 수도. 독일 식민지 시절 건물이 시내에 남아 있습니다. 나미브 사막과 에토샤 국립공원으로 가는 출발점입니다. 요하네스버그에서 비행기로 두 시간입니다.
niamey	니제르강가에 있는 니제르의 수도. 강 위로 지는 해와 어시장이 볼거리입니다. 정세가 불안정해 여행 자제 권고가 내려져 있습니다. 파리나 카사블랑카에서 비행기로 갑니다.
lagos-ng	인구 2천만이 넘는 나이지리아 최대 도시이자 아프리카의 손꼽히는 대도시. 아프로비트 음악과 놀리우드 영화의 중심입니다. 다리로 이어진 섬과 본토가 늘 막힙니다. 이스탄불이나 도하에서 비행기로 갑니다.
managua	마나과 호숫가에 있는 니카라과의 수도. 1972년 지진으로 옛 도심이 무너져 시내가 흩어져 있습니다. 화산과 식민 도시 그라나다로 가는 거점입니다. 미국을 경유해 비행기로 갑니다.
bhaktapur	카트만두 계곡의 옛 왕도. 붉은 벽돌과 나무 조각으로 채운 광장이 세계유산입니다. 차가 안 들어와 걸어 다니기 좋습니다. 카트만두에서 차로 40분입니다.
baiti	나우루 북쪽의 작은 구역. 나라 전체 넓이가 21km²라 섬을 차로 20분이면 한 바퀴 돕니다. 인광석을 파낸 자리가 내륙에 남아 있습니다. 브리즈번에서 비행기로 갑니다.
seeb	오만 무스카트 서쪽에 붙은 해안 도시. 국제공항이 이 도시에 있습니다. 바닷가 어시장과 긴 해변 산책로가 있습니다. 무스카트 시내에서 차로 30분입니다.
panama-city	운하와 마천루가 나란한 파나마의 수도. 스페인 시대 구시가 카스코비에호가 세계유산입니다. 운하 갑문에서 배가 오르내리는 것을 봅니다. 미국을 경유해 비행기로 갑니다.
lae	파푸아뉴기니 제2의 도시이자 북쪽 해안의 항구. 식물원과 2차대전 전몰자 묘지가 있습니다. 고원지대로 올라가는 도로가 여기서 시작합니다. 포트모르즈비에서 비행기로 한 시간입니다.
rawalpindi	이슬라마바드에 붙어 있는 파키스탄의 옛 임시 수도. 라자 바자르 같은 오래된 시장이 남아 있습니다. 카라코람 하이웨이로 북쪽 산악지대에 오르는 출발점입니다. 이슬라마바드 공항에서 차로 30분입니다.
bydgoszcz	브다강을 낀 폴란드 북부의 도시. 강 위에 매달린 조형물 「줄 타는 사람」이 상징입니다. 운하와 강변 산책로가 시내를 가로지릅니다. 바르샤바에서 기차로 네 시간입니다.
gaza	팔레스타인 가자지구의 중심 도시이자 유일한 항구가 있는 곳. 오래된 시장과 사원이 구시가에 있었습니다. 분쟁으로 출입이 막혀 사실상 여행이 불가능합니다. 지금은 갈 방법이 없습니다.
ngerulmud	바벨다오브섬 정글에 세운 팔라우의 수도. 국회의사당 몇 채가 전부라 사람이 거의 살지 않습니다. 실제 생활과 숙소는 옛 수도 코로르에 있습니다. 코로르에서 차로 30분입니다.
ciudad-del-este	브라질·아르헨티나와 국경이 만나는 파라과이의 도시. 면세 상가가 몰려 있어 국경을 넘어 사러 옵니다. 이과수 폭포가 다리 건너 바로 있습니다. 아순시온에서 차로 다섯 시간입니다.
iasi	루마니아 북동부 몰다비아 지방의 중심 도시. 신고딕 양식 문화궁전이 광장에 서 있습니다. 대학과 수도원이 많아 학생 도시로 불립니다. 부쿠레슈티에서 기차로 여섯 시간입니다.
novi-sad	도나우강가에 있는 세르비아 제2의 도시. 강 건너 페트로바라딘 요새에서 여름마다 엑시트 음악 축제가 열립니다. 오스트리아풍 거리가 구시가에 남아 있습니다. 베오그라드에서 버스로 한 시간 반입니다.
novosibirsk	시베리아에서 가장 큰 도시이자 러시아 제3의 도시. 시베리아 횡단철도의 큰 정거장입니다. 오페라 극장이 러시아에서 손꼽히게 큽니다. 모스크바에서 비행기로 네 시간입니다.
saint-petersburg	네바강 삼각주에 세운 러시아 제2의 도시. 에르미타주 미술관과 운하가 도시를 채웁니다. 6월 말 백야 때 밤이 거의 오지 않습니다. 인천에서 직항이 끊겨 지금은 경유해서 갑니다.
yekaterinburg	우랄산맥에 걸쳐 유럽과 아시아가 나뉘는 도시. 경계 표지석이 근교에 있습니다. 마지막 황제 일가가 처형된 자리에 성당이 서 있습니다. 모스크바에서 비행기로 두 시간 반입니다.
kigali	언덕 위아래로 뻗은 르완다의 수도. 아프리카에서 손꼽히게 깨끗하고 안전한 도시로 알려져 있습니다. 제노사이드 추모관이 시내에 있습니다. 아디스아바바나 도하에서 비행기로 갑니다.
jeddah	홍해에 면한 사우디아라비아의 관문 도시. 산호석으로 지은 옛 시가 알발라드가 세계유산입니다. 메카 순례객이 이 도시로 들어옵니다. 인천에서 경유해 열두 시간 안팎입니다.
tulagi	솔로몬제도의 옛 수도였던 작은 섬. 2차대전 격전지라 앞바다에 침몰선이 가라앉아 있습니다. 지금은 다이빙으로 찾는 곳입니다. 호니아라에서 배로 두 시간입니다.
victoria-sc	마헤섬 북동쪽에 있는 세이셸의 수도. 세계에서 가장 작은 수도로 자주 꼽힙니다. 시계탑과 시장이 중심이고 해변은 섬 곳곳으로 나갑니다. 두바이나 도하에서 비행기로 갑니다.
omdurman	나일강 건너 하르툼과 마주 보는 수단 최대의 도시. 옴두르만 시장이 아프리카에서 손꼽히게 큽니다. 금요일 저녁 수피 의식이 열리는 곳으로 알려져 있습니다. 정세가 불안해 여행이 제한됩니다.
vaesteras	멜라렌 호숫가에 있는 스웨덴 중부의 도시. 바이킹 시대 유적과 옛 대성당이 있습니다. 여름에 호수 위 오두막에서 묵는 수상 호텔이 있습니다. 스톡홀름에서 기차로 한 시간입니다.
marina-bay	싱가포르 남쪽 바다를 메워 만든 신도심. 마리나베이샌즈와 가든스바이더베이가 마주 보고 있습니다. 저녁마다 물과 빛으로 하는 공연이 있습니다. 창이공항에서 지하철로 40분입니다.
nitra	슬로바키아에서 가장 오래된 도시. 언덕 위 성과 대성당이 시내를 내려다봅니다. 포도밭이 둘레에 있어 와인으로도 알려져 있습니다. 브라티슬라바에서 차로 한 시간입니다.
freetown	대서양에 면한 시에라리온의 수도. 해방 노예들이 정착해 세운 도시라 이름이 그렇게 남았습니다. 시내 뒤로 산이, 앞으로 흰 모래 해변이 이어집니다. 파리나 이스탄불에서 비행기로 갑니다.
borgo-maggiore	티타노산 기슭에 있는 산마리노의 마을. 케이블카로 산 위 옛 시가와 이어집니다. 목요일 아침에 서는 장이 오래된 볼거리입니다. 리미니에서 버스로 한 시간입니다.
dakar	아프리카 대륙 최서단에 있는 세네갈의 수도. 노예 무역의 흔적이 남은 고레섬이 배로 20분 거리이고 세계유산입니다. 음악과 시장이 도시를 채웁니다. 파리나 이스탄불에서 비행기로 갑니다.
mogadishu	인도양에 면한 소말리아의 수도. 오래된 항구와 이탈리아 시대 건물이 남아 있습니다. 정세가 매우 불안해 대부분의 나라가 여행을 금지하고 있습니다. 나이로비나 두바이에서 비행기로 갑니다.
paramaribo	수리남의 수도. 네덜란드식 흰 목조 건물이 늘어선 구시가가 세계유산입니다. 남미인데 네덜란드어를 쓰고 아시아계 주민이 많습니다. 암스테르담에서 비행기로 아홉 시간입니다.
juba	백나일강가에 있는 남수단의 수도. 세계에서 가장 젊은 나라의 수도입니다. 정세가 불안해 여행 자제 권고가 내려져 있습니다. 나이로비나 아디스아바바에서 비행기로 갑니다.
santo-antonio	상투메 프린시페 프린시페섬의 중심 마을. 인구 수천 명의 작은 곳이고 섬 전체가 생물권보전지역입니다. 카카오 농장과 열대우림이 둘레에 있습니다. 상투메에서 비행기로 30분입니다.
san-salvador	화산 아래 앉은 엘살바도르의 수도. 국립극장과 대성당이 중심가에 있습니다. 서핑으로 알려진 태평양 해변이 차로 한 시간 거리입니다. 미국을 경유해 비행기로 갑니다.
aleppo	세계에서 가장 오래 사람이 살아온 도시 중 하나. 성채와 지붕 덮인 시장이 세계유산이지만 내전으로 크게 부서졌습니다. 복원이 진행 중입니다. 정세에 따라 여행 제한이 자주 바뀝니다.
lobamba	에스와티니의 왕정 수도. 국회와 왕실 마을이 골짜기에 모여 있습니다. 8월 갈대춤 축제 때 사람이 가장 많이 모입니다. 음바바네에서 차로 20분입니다.
n-djamena	샤리강가에 있는 차드의 수도. 카메룬 국경이 강 건너 바로 있습니다. 국립박물관에 사헬 지역 유물이 모여 있습니다. 파리나 이스탄불에서 비행기로 갑니다.
lome	기니만 해안을 따라 뻗은 토고의 수도. 가나 국경이 도시 서쪽 끝에 붙어 있습니다. 아콩데시 시장과 주술 재료를 파는 시장이 알려져 있습니다. 파리나 이스탄불에서 비행기로 갑니다.
dushanbe	이름이 타지크어로 「월요일」인 타지키스탄의 수도. 월요장이 서던 마을에서 시작된 도시입니다. 파미르 고원으로 들어가는 출발점입니다. 이스탄불이나 두바이에서 비행기로 갑니다.
dili	티모르섬 북쪽 해안에 있는 동티모르의 수도. 언덕 위 예수상에서 바다가 내려다보입니다. 아타우로섬 다이빙이 근교의 볼거리입니다. 발리에서 비행기로 두 시간입니다.
ashgabat	흰 대리석 건물이 늘어선 투르크메니스탄의 수도. 대리석 건물 밀도가 세계에서 가장 높은 도시로 기록돼 있습니다. 불타는 가스 구덩이 다르바자가 사막에 있습니다. 이스탄불이나 두바이에서 비행기로 갑니다.
sousse	지중해에 면한 튀니지 제3의 도시. 성벽으로 둘러싸인 메디나가 세계유산입니다. 해변 리조트가 길게 이어져 유럽에서 휴양객이 옵니다. 튀니스에서 기차로 두 시간입니다.
nuku-alofa	통가타푸섬 해안에 있는 통가의 수도. 왕궁과 옛 무덤 랑기가 시내에 있습니다. 7월부터 10월까지 혹등고래가 근해로 옵니다. 피지나 오클랜드에서 비행기로 갑니다.
port-of-spain	트리니다드섬 북서쪽에 있는 트리니다드 토바고의 수도. 2월 카니발이 카리브해에서 가장 크게 열립니다. 스틸팬 음악이 이 나라에서 시작됐습니다. 마이애미에서 비행기로 네 시간입니다.
funafuti	산호초 위에 얹힌 투발루의 수도. 활주로가 평소에는 아이들 놀이터로 쓰입니다. 해발이 낮아 해수면 상승 이야기에 늘 나옵니다. 피지에서 비행기로 세 시간입니다.
dar-es-salaam	인도양에 면한 탄자니아 최대의 도시. 이름이 아랍어로 「평화의 집」입니다. 잔지바르로 가는 배가 여기서 뜹니다. 도하나 이스탄불에서 비행기로 갑니다.
dnipro	드니프로강가에 있는 우크라이나 중남부의 공업 도시. 소비에트 시절 폐쇄 도시였다가 열렸습니다. 강변 산책로가 유럽에서 손꼽히게 깁니다. 전쟁 중이라 여행이 어렵습니다.
kyiv	드니프로강을 낀 우크라이나의 수도. 천 년 된 성 소피아 성당과 동굴 수도원이 세계유산입니다. 전쟁 중이라 여행 금지 지역입니다. 지금은 갈 방법이 사실상 없습니다.
kampala	일곱 언덕 위에 앉은 우간다의 수도. 카수비 왕릉이 세계유산입니다. 고릴라 트레킹과 나일강 발원지로 가는 출발점입니다. 도하나 아디스아바바에서 비행기로 갑니다.
maldonado	푼타델에스테 옆에 있는 우루과이 남부 도시. 여름이면 남미에서 휴양객이 몰립니다. 해변 조형물 「손」이 근처 모래밭에 있습니다. 몬테비데오에서 버스로 두 시간입니다.
vatican-city	로마 안에 있는 세계에서 가장 작은 나라. 성 베드로 대성당과 시스티나 성당, 바티칸 박물관이 전부 걸어서 이어집니다. 아침 일찍 가야 줄이 짧습니다. 로마 시내에서 지하철로 갑니다.
kingstown	세인트빈센트 그레나딘의 수도이자 항구. 아치가 늘어선 돌 건물이 거리에 남아 있습니다. 그레나딘 제도로 가는 배가 여기서 뜹니다. 바베이도스에서 비행기로 40분입니다.
caracas	아빌라산 아래 골짜기에 있는 베네수엘라의 수도. 케이블카로 산에 올라 카리브해를 봅니다. 치안이 나빠 여행 자제 권고가 내려져 있습니다. 미국이나 파나마를 경유해 갑니다.
luganville	에스피리투산토섬에 있는 바누아투 제2의 도시. 앞바다에 2차대전 수송선 프레지던트쿨리지가 가라앉아 다이빙 명소입니다. 푸른 웅덩이 블루홀이 섬 곳곳에 있습니다. 포트빌라에서 비행기로 한 시간입니다.
apia	우폴루섬에 있는 사모아의 수도. 소설가 스티븐슨이 말년을 보낸 집이 언덕에 있습니다. 투수아 바다 웅덩이와 폭포가 섬 남쪽에 있습니다. 오클랜드에서 비행기로 네 시간입니다.
sanaa	해발 2,300m 고원에 있는 예멘의 수도. 흙벽돌로 층층이 올린 구시가가 세계유산입니다. 내전으로 여행이 사실상 불가능합니다. 지금은 갈 방법이 없습니다.
ndola	콩고민주공화국 국경에 가까운 잠비아 제3의 도시. 구리 광산 지대 코퍼벨트의 중심입니다. 미국 유엔 사무총장 함마르셸드가 추락한 자리가 근교에 있습니다. 루사카에서 차로 다섯 시간입니다.
bulawayo	짐바브웨 제2의 도시. 식민지 시절 격자로 지어 길이 아주 넓습니다. 마토보 국립공원 바위산과 암각화가 근교에 있습니다. 하라레에서 차로 다섯 시간입니다.
